place,title,time,pay,date
경기 의왕시,(주)한국야쿠르트,08:00~15:00,"월급1,800,000",13분전
경기 안양시,(주)한국야쿠르트,08:00~15:00,"월급1,800,000",13분전
경기 안양시,(주)한국야쿠르트,08:00~15:00,"월급1,800,000",13분전
경기 안양시,(주)한국야쿠르트,08:00~15:00,"월급1,800,000",14분전
경기 안양시,(주)한국야쿠르트,08:00~15:00,"월급1,800,000",14분전
경기 안양시,(주)한국야쿠르트,08:00~15:00,"월급1,800,000",14분전
경기 의왕시,(주)한국야쿠르트,08:00~15:00,"월급1,800,000",14분전
경기 안양시,(주)한국야쿠르트,08:00~15:00,"월급2,000,000",14분전
경기 안양시,(주)한국야쿠르트,08:00~15:00,"월급1,800,000",14분전
경기 안양시,(주)한국야쿠르트,09:00~16:00,"월급1,800,000",14분전
경기 안양시,(주)한국야쿠르트,09:00~16:00,"월급1,800,000",14분전
경기 안양시,(주)한국야쿠르트,09:00~16:00,"월급1,800,000",14분전
경기 과천시,(주)한국야쿠르트,08:00~15:00,"월급2,000,000",15분전
경기 안양시,(주)한국야쿠르트,08:00~15:00,"월급2,000,000",15분전
경기 과천시,(주)한국야쿠르트,08:00~15:00,"월급2,000,000",15분전
광주 광산구,(주)한국야쿠르트,08:00~15:00,"월급1,800,000",24분전
광주 광산구,(주)한국야쿠르트,08:00~15:00,"월급1,800,000",24분전
광주 서구,(주)한국야쿠르트,08:00~15:00,"월급1,800,000",24분전
경기 안양시,(주)한국야쿠르트,08:00~15:00,"월급1,800,000",25분전
경기 안양시,(주)한국야쿠르트,08:00~15:00,"월급1,800,000",25분전
경기 안양시,(주)한국야쿠르트,08:00~16:00,"월급1,800,000",25분전
경기 의왕시,(주)한국야쿠르트,08:00~16:00,"월급1,800,000",25분전
경기 군포시,(주)한국야쿠르트,08:00~16:00,"월급1,800,000",25분전
경기 군포시,(주)한국야쿠르트,08:00~16:00,"월급1,800,000",25분전
경기 군포시,(주)한국야쿠르트,09:00~16:00,"월급1,500,000",26분전
경기 군포시,(주)한국야쿠르트,09:00~16:00,"월급1,500,000",26분전
경기 군포시,(주)한국야쿠르트,09:00~16:00,"월급1,500,000",26분전
경기 의왕시,(주)한국야쿠르트 의왕점,07:00~15:00,"월급2,000,000",26분전
경기 군포시,(주)한국야쿠르트 의왕점,07:00~15:00,"월급2,000,000",26분전
경기 군포시,(주)한국야쿠르트 의왕점,07:00~15:00,"월급2,000,000",26분전
경기 군포시,(주)한국야쿠르트 의왕점,07:00~15:00,"월급2,000,000",26분전
경기 군포시,(주)한국야쿠르트,08:00~17:00,"월급1,700,000",27분전
경기 군포시,(주)한국야쿠르트,08:00~17:00,"월급1,700,000",27분전
경기 군포시,(주)한국야쿠르트,08:00~17:00,"월급1,700,000",27분전
경기 수원시,(주)한국야쿠르트,08:00~16:00,"월급1,800,000",27분전
경기 수원시,(주)한국야쿠르트,08:00~16:00,"월급1,800,000",27분전
경기 수원시,(주)한국야쿠르트,08:00~16:00,"월급1,800,000",27분전
경기 수원시,(주)한국야쿠르트,08:00~16:00,"월급1,800,000",27분전
경기 시흥시,(주)한국야쿠르트,08:00~16:00,"월급2,000,000",31분전
서울 양천구,(주)한국야쿠르트,08:00~16:00,"월급2,000,000",37분전
